id,NUM_CONTRATOS,NOM_MUN,COLOR,lat,lon,NUM_CONTRATOS_FORMATTED
03001,2245,ADSUBIA,3.351216345339342,38.85903129265297,-0.16873256834171546,"2,245"
03002,11907,AGOST,4.075802353626826,38.44231955714517,-0.6416513509079855,"11,907"
03003,1787,AGRES,3.252124552505644,38.786914711172464,-0.5119316075508187,"1,787"
03004,691,AIGÜES,2.8394780473741985,38.51006673306047,-0.36332943684018015,691
03005,50672,ALBATERA,4.704768046027837,38.21594346763317,-0.8918707786450092,"50,672"
03006,941,ALCALALI,2.973589623427257,38.75588333704487,-0.03099096609896058,941
03007,477,ALCOCER DE PLANES,2.678518379040114,38.79507693112009,-0.40063691808220697,477
03008,415,ALCOLEJA,2.6180480967120925,38.664893313585274,-0.3274623801042827,415
03009,142351,ALCOY/ALCOI,5.153360522364298,38.68227952237131,-0.51658089505172,"142,351"
03010,632,ALFAFARA,2.800717078282385,38.780872339709695,-0.5637426528940608,632
03011,43300,"ALFAS DEL PI, L'",4.636487896353366,38.57832984212703,-0.08871023734973958,"43,300"
03012,7130,ALGORFA,3.8530895298518657,38.06405609064895,-0.7866831190378654,"7,130"
03013,3773,ALGUEÑA,3.5766868052009957,38.343592021600614,-1.004072904973018,"3,773"
03014,1306857,ALICANTE/ALACANT,6.116228068446197,38.16112685344754,-0.4766524375217561,"1,306,857"
03014,1306857,ALICANTE/ALACANT,6.116228068446197,38.161225167191496,-0.4592426514536156,"1,306,857"
03014,1306857,ALICANTE/ALACANT,6.116228068446197,38.161823086753174,-0.4749910294928088,"1,306,857"
03014,1306857,ALICANTE/ALACANT,6.116228068446197,38.16134267519667,-0.4747342928186673,"1,306,857"
03014,1306857,ALICANTE/ALACANT,6.116228068446197,38.16263847971321,-0.4643126969983664,"1,306,857"
03014,1306857,ALICANTE/ALACANT,6.116228068446197,38.16252580166902,-0.4720902143242915,"1,306,857"
03014,1306857,ALICANTE/ALACANT,6.116228068446197,38.16677765916575,-0.4861942900770248,"1,306,857"
03014,1306857,ALICANTE/ALACANT,6.116228068446197,38.52866890081991,-0.3852353402117027,"1,306,857"
03014,1306857,ALICANTE/ALACANT,6.116228068446197,38.36973534473713,-0.5474109841976275,"1,306,857"
03014,1306857,ALICANTE/ALACANT,6.116228068446197,38.469635343383054,-0.47896131820023097,"1,306,857"
03014,1306857,ALICANTE/ALACANT,6.116228068446197,38.16476728894091,-0.4744459504639644,"1,306,857"
03014,1306857,ALICANTE/ALACANT,6.116228068446197,38.16586277359189,-0.4846656235548723,"1,306,857"
03014,1306857,ALICANTE/ALACANT,6.116228068446197,38.166212887442015,-0.47712328374611784,"1,306,857"
03015,47901,ALMORADI,4.680344580010567,38.033221703560564,-0.786226459641595,"47,901"
03015,47901,ALMORADI,4.680344580010567,38.099671230625184,-0.7952277542230864,"47,901"
03016,464,ALMUDAINA,2.6665179805548807,38.764179314514635,-0.3578221078279765,464
03017,1872,"ALQUERIA D'ASNAR, L'",3.2723058444020863,38.77619278202545,-0.4047366773474164,"1,872"
03017,1872,"ALQUERIA D'ASNAR, L'",3.2723058444020863,38.76561671742975,-0.4125835173976631,"1,872"
03017,1872,"ALQUERIA D'ASNAR, L'",3.2723058444020863,38.77190277287342,-0.42288889942471125,"1,872"
03018,52303,ALTEA,4.718526599882179,38.62402524678593,-0.014065072059994924,"52,303"
03018,52303,ALTEA,4.718526599882179,38.61688790598588,-0.01957383010679,"52,303"
03018,52303,ALTEA,4.718526599882179,38.625339159554755,-0.047245079299205496,"52,303"
03019,49276,ASPE,4.692635446550164,38.329661946690734,-0.7854869296969847,"49,276"
03020,99,BALONES,1.99563519459755,38.744141086809776,-0.33320563020784727,99
03021,19908,BANYERES DE MARIOLA,4.299027632071986,38.70548944952342,-0.677875836439895,"19,908"
03022,377,BENASAU,2.576341350205793,38.695737383959994,-0.3378831183943467,377
03023,6980,BENEIXAMA,3.843855422623161,38.72217382281841,-0.7605996615632558,"6,980"
03024,17937,BENEJUZAR,4.253749808139813,38.073670622102384,-0.8319497650603951,"17,937"
03025,2159,BENFERRI,3.334252642334231,38.1517703641603,-0.9831256396653288,"2,159"
03026,3008,BENIARBEIG,3.4782778319196046,38.81755450310986,-0.011582548962575327,"3,008"
03027,215,BENIARDA,2.3324384599156054,38.69604500554298,-0.2142822391208228,215
03028,828,BENIARRES,2.9180303367848803,38.825624239287336,-0.36308970687677244,828
03029,247,BENIGEMBLA,2.392696953259666,38.74686758540577,-0.11580651724176243,247
03030,1622,BENIDOLEIG,3.2100508498751372,38.792290801591875,-0.027007727401267896,"1,622"
03031,423194,BENIDORM,5.626539501689314,38.50240690566375,-0.13057773273518222,"423,194"
03031,423194,BENIDORM,5.626539501689314,38.53688332242901,-0.07256586990980796,"423,194"
03031,423194,BENIDORM,5.626539501689314,38.55500724955779,-0.12889607754415164,"423,194"
03032,105,BENIFALLIM,2.0211892990699383,38.65496047708609,-0.41166651350335615,105
03033,163,BENIFATO,2.2121876044039577,38.6602795802931,-0.24125346259422006,163
03034,5219,BENIJOFAR,3.7175872968554606,38.07492192905299,-0.7408668145359768,"5,219"
03035,557,BENILLOBA,2.745855195173729,38.70568372610771,-0.3956960713501998,557
03036,107,BENILLUP,2.0293837776852097,38.75635936319381,-0.37996168722036894,107
03037,1083,BENIMANTELL,3.0346284566253203,38.64562834013382,-0.20262450643023028,"1,083"
03038,1398,BENIMARFULL,3.1455071714096627,38.775334326345316,-0.39155089304020957,"1,398"
03039,86,BENIMASSOT,1.9344984512435677,38.75384791488903,-0.2987510874810136,86
03040,505,BENIMELI,2.7032913781186614,38.82918994781347,-0.03578531404090949,505
03041,16123,BENISSA,4.207445853984251,38.65967818278796,0.08633360460497688,"16,123"
03041,16123,BENISSA,4.207445853984251,38.69230011448959,0.03789405504385825,"16,123"
03042,5018,BENITACHELL/POBLE NOU DE BENIT,3.7005306569785916,38.72462425669181,0.14866764647086408,"5,018"
03043,9791,BIAR,3.990827050567479,38.644531657376056,-0.7479473029817872,"9,791"
03044,43942,BIGASTRO,4.6428798197487335,38.05790405540253,-0.8821055157882155,"43,942"
03044,43942,BIGASTRO,4.6428798197487335,38.060656753566384,-0.8979777095181445,"43,942"
03045,234,BOLULLA,2.369215857410143,38.68486960805628,-0.12126266472110975,234
03046,1713,BUSOT,3.2337573629655103,38.500945717801045,-0.41847641095021754,"1,713"
03047,69606,CALP,4.842646677176371,38.65263597530922,0.04423622223555386,"69,606"
03048,19302,CALLOSA D'EN SARRIA,4.285602311285613,38.653355576371105,-0.10428540952512659,"19,302"
03049,29309,CALLOSA DE SEGURA,4.467001000905487,38.1303349183039,-0.8592383358419622,"29,309"
03049,29309,CALLOSA DE SEGURA,4.467001000905487,38.155483639963236,-0.9381629151863198,"29,309"
03050,48240,"CAMPELLO, EL",4.683407299132095,38.46214247141901,-0.37293846499199834,"48,240"
03051,1074,"CAMPO DE MIRRA/CAMP DE MIRRA, ",3.0310042813635367,38.70368504758,-0.8019932705063608,"1,074"
03052,2192,CAÑADA,3.3408405498123317,38.685558692158224,-0.8217407502658622,"2,192"
03053,29541,CASTALLA,4.470425192639137,38.567968871443256,-0.6706119699499095,"29,541"
03054,563,CASTELL DE CASTELLS,2.7505083948513462,38.73502480355722,-0.18706756047320788,563
03055,25407,CATRAL,4.404953387586244,38.1523456623969,-0.7975774799306755,"25,407"
03056,32551,COCENTAINA,4.512564335079659,38.73749998822499,-0.44689039033519845,"32,551"
03057,340,CONFRIDES,2.531478917042255,38.67921218390504,-0.27663527792170656,340
03058,51680,COX,4.713322504987028,38.14378278033015,-0.8998070266230003,"51,680"
03058,51680,COX,4.713322504987028,38.15962461237313,-0.8784052924939324,"51,680"
03059,66977,CREVILLENT,4.825925690940123,38.23463932171643,-0.8143234656450795,"66,977"
03060,245,QUATRETONDETA,2.3891660843645326,38.71660050737595,-0.31452898217213093,245
03061,4245,DAYA NUEVA,3.6278776945799716,38.109841694175564,-0.7629156628367524,"4,245"
03062,3970,DAYA VIEJA,3.598790506763115,38.10574669741284,-0.7350622179367752,"3,970"
03063,125987,DENIA,5.100325734645041,38.82408566544953,0.07977677515289014,"125,987"
03064,15634,DOLORES,4.1940701076210996,38.13889338501884,-0.7549225963793051,"15,634"
03065,638668,ELCHE/ELX,5.805275156690981,38.247228505614515,-0.6648037688132908,"638,668"
03066,124095,ELDA,5.093754283383056,38.47490338402214,-0.820687184669483,"124,095"
03067,129,FACHECA,2.110589710299249,38.73156289301193,-0.274358814102135,129
03068,68,FAMORCA,1.8325089127062364,38.73058480725805,-0.2405915857219357,68
03069,42815,FINESTRAT,4.631595948357801,38.574180685414326,-0.20339059019525343,"42,815"
03070,5084,FORMENTERA DEL SEGURA,3.7062055418819706,38.09422725462758,-0.7363997106205978,"5,084"
03071,5526,GATA DE GORGOS,3.7424108805804925,38.768058128925624,0.06984333726484471,"5,526"
03072,718,GAIANES,2.8561244442423,38.81593016694043,-0.41083748145653676,718
03073,454,GORGA,2.6570558528571038,38.722160567838735,-0.37377769467516375,454
03074,4700,GRANJA DE ROCAMORA,3.6720978579357175,38.148380915577846,-0.9477732746481835,"4,700"
03074,4700,GRANJA DE ROCAMORA,3.6720978579357175,38.14537265089618,-0.8843118153226583,"4,700"
03074,4700,GRANJA DE ROCAMORA,3.6720978579357175,38.146663792593664,-0.9332584736138437,"4,700"
03074,4700,GRANJA DE ROCAMORA,3.6720978579357175,38.152063249739804,-0.8813686559277963,"4,700"
03074,4700,GRANJA DE ROCAMORA,3.6720978579357175,38.157177900227204,-0.8685753446029777,"4,700"
03074,4700,GRANJA DE ROCAMORA,3.6720978579357175,38.157748453231,-0.936746994190929,"4,700"
03074,4700,GRANJA DE ROCAMORA,3.6720978579357175,38.157124384092924,-0.8960000883952713,"4,700"
03075,643,CASTELL DE GUADALEST (EL),2.808210972924222,38.670007074804,-0.1684696804965907,643
03076,43761,GUARDAMAR DEL SEGURA,4.641087237674546,38.080324517231695,-0.6683961258560527,"43,761"
03077,3330,"FONDÓ DE LES NEUS, EL / HONDÓN",3.5224442335063197,38.30776341089585,-0.8950609532584904,"3,330"
03078,1789,HONDON DE LOS FRAILES,3.252610340567373,38.268956101312604,-0.9322338860939234,"1,789"
03079,82711,IBI,4.917563271603535,38.624870315191316,-0.5629860092664871,"82,711"
03080,5199,JACARILLA,3.7159198174335795,38.0479286770817,-0.8517196491511276,"5,199"
03081,3037,XALÓ,3.4824447919182653,38.71252609700689,-0.03108629830657536,"3,037"
03082,70566,JAVEA/XABIA,4.84859550035659,38.80011267806623,0.19761023342070264,"70,566"
03082,70566,JAVEA/XABIA,4.84859550035659,38.75530145625404,0.2297465649650618,"70,566"
03082,70566,JAVEA/XABIA,4.84859550035659,38.761392621541965,0.22437820489950988,"70,566"
03082,70566,JAVEA/XABIA,4.84859550035659,38.72702240483609,0.2169598530749482,"70,566"
03082,70566,JAVEA/XABIA,4.84859550035659,38.73660508221502,0.2317753588946155,"70,566"
03082,70566,JAVEA/XABIA,4.84859550035659,38.742652596440294,0.23399857989859002,"70,566"
03082,70566,JAVEA/XABIA,4.84859550035659,38.75228986897744,0.23145505749444145,"70,566"
03082,70566,JAVEA/XABIA,4.84859550035659,38.767444119113726,0.16310133267892216,"70,566"
03083,54126,JIJONA/XIXONA,4.733405933203824,38.55108863196635,-0.4896161477228139,"54,126"
03084,389,"LORCHA/ORXA, L'",2.5899496013257077,38.84968512087215,-0.3086575877058859,389
03085,1189,LLIBER,3.0751818546186915,38.729491916766804,0.00809303897903925,"1,189"
03086,162,MILLENA,2.2095150145426308,38.740350900488146,-0.37843214914436785,162
03088,21025,MONFORTE DEL CID,4.32273600446995,38.384991996637986,-0.6950043065189909,"21,025"
03089,22197,MONOVAR/MONOVER,4.346294282041345,38.428557585534726,-0.9124626365543438,"22,197"
03090,67389,MUTXAMEL,4.828589011829424,38.43440787068715,-0.4749192553928583,"67,389"
03091,491,MURLA,2.6910814921229687,38.76589474289464,-0.07701147911951019,491
03092,20022,MURO DE ALCOY,4.301507457038436,38.788714784208906,-0.4461251859988665,"20,022"
03093,50970,NOVELDA,4.707314633588708,38.394261450065216,-0.7861295672831855,"50,970"
03094,30668,"NUCIA, LA",4.4866854545841965,38.601111462226235,-0.12024039246658626,"30,668"
03095,31006,ONDARA,4.491445742697271,38.82697790182031,0.015074797222289655,"31,006"
03096,19943,ONIL,4.299790489253733,38.63335505816888,-0.6609971385435774,"19,943"
03097,2171,ORBA,3.3366598234544202,38.785081969510856,-0.06616644201459598,"2,171"
03098,513,ORXETA,2.7101173651118162,38.553518249867714,-0.27976162277964295,513
03099,295685,ORIHUELA,5.470829293472811,37.92122704601711,-0.7212783749007535,"295,685"
03099,295685,ORIHUELA,5.470829293472811,37.92025637398384,-0.7208853396949615,"295,685"
03099,295685,ORIHUELA,5.470829293472811,38.033025034865226,-0.8984042523126186,"295,685"
03099,295685,ORIHUELA,5.470829293472811,38.07996272590645,-0.8254882158242387,"295,685"
03099,295685,ORIHUELA,5.470829293472811,38.21349953449019,-0.9553212553793843,"295,685"
03100,474,PARCENT,2.6757783416740852,38.739188576562,-0.0738834526174589,474
03101,14094,PEDREGUER,4.14903426716125,38.793461072864005,0.0314691988424216,"14,094"
03102,12812,PEGO,4.107616929991784,38.84366744207699,-0.09996421993315179,"12,812"
03103,679,PENAGUILA,2.8318697742805017,38.658146195021445,-0.3734952998090188,679
03104,67257,PETRER,4.827737491695494,38.492209988164056,-0.7315627369715823,"67,257"
03105,18116,"PINÓS, EL/PINOSO",4.25806231201092,38.41230546790085,-1.029057806521452,"18,116"
03106,1527,PLANES,3.1838390370564214,38.79228537465956,-0.3315847432522274,"1,527"
03107,5523,POLOP,3.742175043223677,38.620772474509195,-0.15243315037778757,"5,523"
03109,6477,RAFAL,3.811373897053893,38.1061980116406,-0.8500123657715793,"6,477"
03110,464,"RAFOL D'ALMUNIA, EL",2.6665179805548807,38.83079874398701,-0.05092125036107216,464
03111,18895,REDOVAN,4.276346896253033,38.12233083217654,-0.9215081644367457,"18,895"
03112,1207,RELLEU,3.081707270097349,38.571359911867816,-0.33947310506821915,"1,207"
03113,25943,ROJALES,4.414020195653663,38.07399309206576,-0.718393207796347,"25,943"
03114,12691,"ROMANA, LA",4.103495844109766,38.35516136395219,-0.9078532346592959,"12,691"
03115,301,SAGRA,2.4785664955938436,38.81813088075877,-0.06683584852447912,301
03116,6737,SALINAS,3.8284665473526784,38.507812950112516,-0.9104736974602599,"6,737"
03117,324,SANET Y NEGRALS,2.510545010206612,38.81568809711498,-0.028857689482593728,324
03118,10962,SAN FULGENCIO,4.039889797736182,38.12509658882341,-0.6927224969717248,"10,962"
03119,69546,SAN JOAN D'ALACANT,4.842272156213266,38.40458952756135,-0.4284782010164832,"69,546"
03120,10220,SAN MIGUEL DE SALINAS,4.009450895798694,37.97485002262194,-0.8031119435824231,"10,220"
03121,71065,SANTA POLA,4.851655760372805,38.1860770834416,-0.538564097242397,"71,065"
03121,71065,SANTA POLA,4.851655760372805,38.20350873376706,-0.5773016348537527,"71,065"
03122,105950,SAN VICENTE DEL RASPEIG/SANT V,5.025100961046814,38.42708927355791,-0.5344415741178403,"105,950"
03123,24086,SAX,4.381764682017124,38.54845712838306,-0.8133313266618638,"24,086"
03124,331,SELLA,2.519827993775719,38.617952264232784,-0.2787970794410689,331
03125,382,SENIJA,2.582063362911709,38.73443578604402,0.04428619698454437,382
03127,497,TARBENA,2.696356388733332,38.70718329655815,-0.09657819394700767,497
03128,26051,TEULADA,4.415824398888761,38.691829602064324,0.15585231754740608,"26,051"
03128,26051,TEULADA,4.415824398888761,38.71186599754275,0.1144707321247262,"26,051"
03129,3047,TIBI,3.4838724542226736,38.52147888187343,-0.5943198699871483,"3,047"
03130,486,TOLLOS,2.6866362692622934,38.762704978660366,-0.24739297162445623,486
03131,161,TORMOS,2.2068258760318495,38.80491096626352,-0.039822221756947974,161
03131,161,TORMOS,2.2068258760318495,38.80379283463011,-0.07382025519331745,161
03132,1565,TORREMANZANAS/TORRE DE LES MAÇ,3.194514341882467,38.60484850699044,-0.4114783014301371,"1,565"
03133,202954,TORREVIEJA,5.307397615203975,38.00039332091602,-0.7046970341759892,"202,954"
03134,225,"VALL D'ALCALA, LA",2.3521825181113627,38.78832371876242,-0.25374521716585846,225
03135,205,VALL DE EBO,2.311753861055754,38.80047701279064,-0.17041846830137525,205
03136,1424,VALL DE GALLINERA,3.1535099893008374,38.82960807388138,-0.2321320310968739,"1,424"
03137,1318,VALL DE LAGUAR (LA),3.119915410257991,38.775058316916464,-0.13087829165956905,"1,318"
03138,11249,VERGER (EL),4.051113916777601,38.85060387432363,-0.004757013627677909,"11,249"
03139,65286,"VILLAJOYOSA/VILA JOIOSA, LA",4.814820060683741,38.521190802175845,-0.2514891487570156,"65,286"
03140,88253,VILLENA,4.94572947736072,38.63400933696838,-0.9139084829862536,"88,253"
03901,3434,"POBLETS, ELS",3.5358002908248976,38.85471564548482,0.01779204048920638,"3,434"
03902,74014,PILAR DE LA HORADADA,4.869313875780604,37.871926224719964,-0.7534496599601891,"74,014"
03902,74014,PILAR DE LA HORADADA,4.869313875780604,37.84926609207703,-0.7612030965835171,"74,014"
03902,74014,PILAR DE LA HORADADA,4.869313875780604,37.84799920274142,-0.7610854454828659,"74,014"
03902,74014,PILAR DE LA HORADADA,4.869313875780604,37.848607562922595,-0.7612030965020214,"74,014"
03902,74014,PILAR DE LA HORADADA,4.869313875780604,37.848870308833135,-0.7610471579010408,"74,014"
03902,74014,PILAR DE LA HORADADA,4.869313875780604,37.89985373702427,-0.8295660246750921,"74,014"
03903,21531,"MONTESINOS, LOS",4.333064200951979,38.02469830696205,-0.7551040650182134,"21,531"
03904,19954,SAN ISIDRO,4.300029967882302,38.17479323915354,-0.8421913473232567,"19,954"
12001,2037,ATZENETA DEL MAESTRAT,3.3089910290001643,40.234812104707586,-0.18575096312103262,"2,037"
12002,811,AIN,2.909020854211156,39.893836927076265,-0.34867530185425705,811
12003,3553,ALBOCASSER,3.550595207489328,40.37317219852277,0.017126410883074313,"3,553"
12004,37346,ALCALA DE XIVERT,4.572244092872815,40.2958291288751,0.23125098776590286,"37,346"
12005,36208,"ALCORA, L'",4.558804536610653,40.06566694371913,-0.2160556924842928,"36,208"
12006,926,ALCUDIA DE VEO,2.966610986681934,39.92081146394213,-0.3448411061981925,926
12007,864,ALFONDEGUILLA,2.936513742478893,39.83855424915463,-0.2815270437875679,864
12008,280,ALGIMIA DE ALMONACID,2.4471580313422194,39.91538811279661,-0.4207389814087228,280
12009,83490,ALMAZORA/ALMASSORA,4.9216344610537055,39.95127951942331,-0.06802595164857696,"83,490"
12010,670,ALMEDIJAR,2.8260748027008264,39.872342467952215,-0.40795253987057073,670
12011,20751,ALMENARA,4.317039030398344,39.75125920364412,-0.22643947081832516,"20,751"
12012,4691,ALTURA,3.6712654329471586,39.81489395603634,-0.5845574116813463,"4,691"
12013,200,ARAÑUEL,2.3010299956639813,40.083314945382654,-0.48850447918451556,200
12014,206,ARES DEL MAESTRE,2.3138672203691533,40.44484769369262,-0.10968171324661635,206
12015,197,ARGELITA,2.294466226161593,40.067073804209905,-0.3409560612033635,197
12016,2982,ARTANA,3.474507639116976,39.8953318420323,-0.24650525609152432,"2,982"
12017,214,AYODAR,2.330413773349191,39.99203734315736,-0.38496200526054386,214
12018,265,AZUEBAR,2.423245873936808,39.850658014539725,-0.36637127494328114,265
12020,627,BARRACAS,2.7972675408307164,39.998882360819664,-0.6961278500997833,627
12021,39926,BETXI,4.601255802432139,39.9212954618472,-0.19614450022725408,"39,926"
12022,562,BEJIS,2.749736315569061,39.90092055300197,-0.7364025581465569,562
12024,176,BENAFER,2.24551266781415,39.969990357565386,-0.6057447109683057,176
12025,56,BENAFIGOS,1.7481880270062005,40.273167982297046,-0.19531419917496792,56
12026,1508,BENASAL,3.178401341533755,40.38649439474971,-0.16773680974495558,"1,508"
12027,65367,BENICARLO,4.81535855360072,40.44373333389426,0.4026362881853368,"65,367"
12028,93470,BENICASIM/BENICASSIM,4.970672242689719,40.056559436880995,0.04181801141204824,"93,470"
12029,2056,BENLLOCH,3.313023110323238,40.2077839068912,0.05761743231393223,"2,056"
12031,6744,BORRIOL,3.8289175616166857,40.050604085146404,-0.07023037585553923,"6,744"
12032,86077,BURRIANA,4.934887122330797,39.89004583182716,-0.07432497678602024,"86,077"
12033,11148,CABANES,4.0471969600412665,40.14431175145216,0.09376716932386182,"11,148"
12034,4923,CALIG,3.6922298357727557,40.467837006414,0.35247419628601323,"4,923"
12036,437,CANET LO ROIG,2.640481436970422,40.561591285709504,0.2335508952418039,437
12037,54,CASTELL DE CABRES,1.7323937598229686,40.66979301489335,0.04276108428585116,54
12038,288,CASTELLFORT,2.459392487759231,40.50618383705852,-0.19944174531137324,288
12039,1128,CASTELLNOVO,3.0523090996473234,39.854422007527056,-0.44857100219519014,"1,128"
12040,622180,CASTELLON DE LA PLANA/CASTELLÓ,5.793916046584255,39.850381613106535,0.678748461570577,"622,180"
12040,622180,CASTELLON DE LA PLANA/CASTELLÓ,5.793916046584255,39.85056917866579,0.673446859213812,"622,180"
12040,622180,CASTELLON DE LA PLANA/CASTELLÓ,5.793916046584255,39.85072023506387,0.6741798920754264,"622,180"
12040,622180,CASTELLON DE LA PLANA/CASTELLÓ,5.793916046584255,39.85100652257634,0.6729871472118379,"622,180"
12040,622180,CASTELLON DE LA PLANA/CASTELLÓ,5.793916046584255,39.8517481816247,0.6714565228278933,"622,180"
12040,622180,CASTELLON DE LA PLANA/CASTELLÓ,5.793916046584255,39.87510734060978,0.6714656290367967,"622,180"
12040,622180,CASTELLON DE LA PLANA/CASTELLÓ,5.793916046584255,39.87448192739571,0.6720846312200964,"622,180"
12040,622180,CASTELLON DE LA PLANA/CASTELLÓ,5.793916046584255,39.87510490508652,0.6704033143906222,"622,180"
12040,622180,CASTELLON DE LA PLANA/CASTELLÓ,5.793916046584255,39.851612191927046,0.672220334360838,"622,180"
12040,622180,CASTELLON DE LA PLANA/CASTELLÓ,5.793916046584255,39.85081038456612,0.6732848597355185,"622,180"
12040,622180,CASTELLON DE LA PLANA/CASTELLÓ,5.793916046584255,39.8509515479163,0.6788611589399853,"622,180"
12040,622180,CASTELLON DE LA PLANA/CASTELLÓ,5.793916046584255,39.85098988942402,0.6739407528498668,"622,180"
12040,622180,CASTELLON DE LA PLANA/CASTELLÓ,5.793916046584255,39.889513589340346,0.6665434248863089,"622,180"
12040,622180,CASTELLON DE LA PLANA/CASTELLÓ,5.793916046584255,39.89020538651808,0.6694412015741492,"622,180"
12040,622180,CASTELLON DE LA PLANA/CASTELLÓ,5.793916046584255,39.892020831741114,0.6709765747093982,"622,180"
12040,622180,CASTELLON DE LA PLANA/CASTELLÓ,5.793916046584255,39.89489206656296,0.6885658354050543,"622,180"
12040,622180,CASTELLON DE LA PLANA/CASTELLÓ,5.793916046584255,39.89530306786385,0.6894141856587668,"622,180"
12040,622180,CASTELLON DE LA PLANA/CASTELLÓ,5.793916046584255,39.8957836860851,0.6899496928710903,"622,180"
12040,622180,CASTELLON DE LA PLANA/CASTELLÓ,5.793916046584255,39.99742737190515,-0.044219886236866256,"622,180"
12040,622180,CASTELLON DE LA PLANA/CASTELLÓ,5.793916046584255,39.89712677578003,0.6853704241085607,"622,180"
12040,622180,CASTELLON DE LA PLANA/CASTELLÓ,5.793916046584255,39.891404049961686,0.6679584052464956,"622,180"
12040,622180,CASTELLON DE LA PLANA/CASTELLÓ,5.793916046584255,39.891755072531055,0.6703564817669506,"622,180"
12041,147,CASTILLO DE VILLAMALEFA,2.167317334748176,40.1459197885346,-0.367060057704676,147
12042,1080,CATI,3.03342375548695,40.47453278309398,0.01996255591086798,"1,080"
12043,1196,CAUDIEL,3.077731179652392,39.98708848094114,-0.5721283486418453,"1,196"
12044,629,CERVERA DEL MAESTRE,2.798650645445269,40.443440844631624,0.2823100595317529,629
12045,459,CINCTORRES,2.661812685537261,40.576222896563394,-0.21960462756752416,459
12046,413,CIRAT,2.615950051656401,40.05116518024457,-0.4556518095894105,413
12048,577,CORTES DE ARENOSO,2.7611758131557314,40.17159047455153,-0.5289854532085891,577
12049,153,COSTUR,2.184691430817599,40.12171331684902,-0.1623712724235343,153
12050,6262,"COVES DE VINROMA, LES",3.7967130632808965,40.32374884887343,0.11838971339165295,"6,262"
12051,790,CULLA,2.8976270912904414,40.30818635042628,-0.12348168228923981,790
12052,719,CHERT/XERT,2.8567288903828825,40.533876573214734,0.13435510001001089,719
12053,16623,CHILCHES/XILXES,4.220709404879567,39.7796858903334,-0.18106927347949536,"16,623"
12055,151,CHODOS/XODOS,2.1789769472931693,40.23077527723693,-0.28958866067202166,151
12056,1105,CHOVAR,3.0433622780211294,39.849145053849334,-0.3240374321718655,"1,105"
12057,660,ESLIDA,2.8195439355418688,39.88694406498808,-0.30491198413896464,660
12058,139,ESPADILLA,2.143014800254095,40.02076830016516,-0.3659810367999401,139
12059,614,FANZARA,2.788168371141168,40.0125072442153,-0.31529761049671323,614
12060,3464,FIGUEROLES,3.539577883345309,40.12639792143389,-0.22237803033570444,"3,464"
12061,739,FORCALL,2.8686444383948255,40.657165593732145,-0.2123362013843814,739
12063,68,FUENTE LA REINA,1.8325089127062364,40.057212523923674,-0.6092262290099689,68
12064,280,FUENTES DE AYODAR,2.4471580313422194,40.020688350134364,-0.425612926457883,280
12065,418,GAIBIEL,2.621176281775035,39.929662575764176,-0.4994020148067273,418
12067,235,GELDO,2.3710678622717363,39.8360166170751,-0.4655769567005976,235
12068,147,HERBES,2.167317334748176,40.708772497862654,-0.01485484110159693,147
12069,76,HIGUERAS,1.8808135922807914,39.99176277274296,-0.5085164850482977,76
12070,693,"JANA, LA",2.8407332346118066,40.502283667127564,0.23857192625337803,693
12071,2987,JERICA,3.475235222604128,39.889727951301246,-0.5844742773986833,"2,987"
12072,2240,LUCENA DEL CID,3.3502480183341627,40.149576012981186,-0.28097743969409983,"2,240"
12073,186,LUDIENTE,2.2695129442179165,40.095640118423795,-0.37731707038538553,186
12074,4850,"LLOSA, LA",3.6857417386022635,39.76717817260501,-0.2024305945461791,"4,850"
12075,546,"MATA DE MORELLA, LA",2.7371926427047373,40.61148243638604,-0.2777129846098989,546
12076,118,MATET,2.0718820073061255,39.943706973629986,-0.45642635332705195,118
12077,19922,MONCOFA,4.299332935762522,39.79882040994807,-0.15291693587444025,"19,922"
12078,924,MONTAN,2.9656719712201065,40.02926322762821,-0.5503516051596404,924
12079,3175,MONTANEJOS,3.5017437296279943,40.06936731221736,-0.535097770471587,"3,175"
12080,7731,MORELLA,3.888235673270567,40.59790054824348,-0.075487891677319,"7,731"
12081,1530,NAVAJAS,3.184691430817599,39.88142588114827,-0.500528367985353,"1,530"
12082,36015,NULES,4.556483419112708,39.854012319199754,-0.1628951667045709,"36,015"
12083,277,OLOCAU DEL REY,2.4424797690644486,40.641515439753974,-0.3392816370245583,277
12084,89246,ONDA,4.950588760169585,39.979702771608686,-0.2278125718881767,"89,246"
12085,52111,OROPESA DEL MAR/ORPESA,4.716929407273744,40.091873962769235,0.12291385053970924,"52,111"
12087,91,PALANQUES,1.9590413923210936,40.70991768265348,-0.1901611388910933,91
12088,106,PAVIAS,2.0253058652647704,39.97006562150317,-0.48170118091809727,106
12089,65092,PENÍSCOLA / PEÑÍSCOLA,4.8135276157671045,40.35693364655153,0.3551089666945042,"65,092"
12090,178,PINA DE MONTALGRAO,2.250420002308894,40.014170639917964,-0.6494077944688174,178
12091,222,PORTELL DE MORELLA,2.346352974450639,40.539491206994455,-0.26801111130720134,222
12092,209,PUEBLA DE ARENOSO,2.3201462861110542,40.10266917416281,-0.580754922921822,209
12093,477,"POBLA DE BENIFASSA, LA",2.678518379040114,40.6858371675096,0.16509753158176743,477
12094,4170,"POBLA TORNESA, LA",3.6201360549737576,40.10369570244421,-0.0013745508946900796,"4,170"
12095,1756,RIBESALBES,3.244524511570084,40.02696322848194,-0.2778344375072778,"1,756"
12096,1231,ROSSELL,3.090258052931316,40.62227635564641,0.22465365837592643,"1,231"
12097,32,SACAÑET,1.505149978319906,39.8525223879854,-0.7345442862360803,32
12098,1496,"SALZADELLA, LA",3.1749315935284423,40.41738699780789,0.14738448747870636,"1,496"
12099,2942,SANT JORDI/SAN JORGE,3.4686426683915115,40.53737851057587,0.35961738688905437,"2,942"
12100,3769,SANT MATEU,3.576226137449605,40.46594308145839,0.17393536398196263,"3,769"
12101,1184,SAN RAFAEL DEL RIO,3.073351702386901,40.594526758201276,0.33931404620933664,"1,184"
12102,777,SANTA MAGDALENA DE PULPIS,2.890421018800914,40.37469974683162,0.2733077016643869,777
12103,338,SARRATELLA,2.5289167002776547,40.3099208067081,0.03762225069823777,338
12104,29704,SEGORBE,4.472814936218103,39.787781790471186,-0.4629866742332542,"29,704"
12105,2230,SIERRA ENGARCERAN,3.3483048630481607,40.263440292844194,-0.027080123806642094,"2,230"
12106,2657,SONEJA,3.4243915544102776,39.81945943291634,-0.3763147720098751,"2,657"
12107,2443,SOT DE FERRER,3.3879234669734366,39.80167242264046,-0.40130014196374236,"2,443"
12108,286,SUERAS/SUERA,2.456366033129043,39.9537576080528,-0.3533756089887033,286
12109,902,TALES,2.9552065375419416,39.94524227581398,-0.3006193072354396,902
12110,340,TERESA,2.531478917042255,39.88870944313064,-0.674893931490923,340
12111,396,TIRIG,2.597695185925512,40.43298238111029,0.0705096959270819,396
12112,785,TODOLELLA,2.8948696567452528,40.64434503658119,-0.2624277304669871,785
12113,130,TOGA,2.113943352306837,40.0515500071184,-0.37587558489145534,130
12114,205,TORAS,2.311753861055754,39.92890007970132,-0.6862751543207695,205
12115,1492,"TORO, EL",3.17376882313665,39.96070438843303,-0.7744001658592385,"1,492"
12116,79,TORRALBA DEL PINAR,1.8976270912904414,39.99487726019706,-0.4491642714991875,79
12117,10220,TORREBLANCA,4.009450895798694,40.209826630361086,0.20149594643374288,"10,220"
12118,139,TORRECHIVA,2.143014800254095,40.0491206501129,-0.4041322342352186,139
12119,297,"TORRE D'EN BESORA, LA",2.4727564493172123,40.32037386952651,-0.0803479293135642,297
12120,97,"TORRE D'EN DOMÉNEC, LA",1.9867717342662448,40.26815230542746,0.07268395150955652,97
12121,2855,TRAIGUERA,3.455606112581867,40.54905018956736,0.31818039916014823,"2,855"
12122,903,"USERAS/USERES, LES",2.9556877503135057,40.17833905733105,-0.13378190260520384,903
12123,107,VALLAT,2.0293837776852097,40.03696356120877,-0.33378326805170777,107
12124,10160,VALL D'ALBA,4.0068937079479,40.182117257252216,-0.029331967372301242,"10,160"
12125,382,VALL DE ALMONACID,2.582063362911709,39.897850475535414,-0.45821537267691387,382
12126,69691,"VALL D'UIXO, LA",4.843176696280064,39.81359845496922,-0.23496997466135344,"69,691"
12127,102,VALLIBONA,2.0086001717619175,40.6080022935584,0.08860934928654997,102
12128,9012,VILAFAMES,3.954821183051793,40.12176362857255,-0.07104587614676808,"9,012"
12129,2893,VILLAFRANCA DEL CID / VILAFRAN,3.461348433647983,40.431674511549865,-0.2638307635695796,"2,893"
12130,1316,VILLAHERMOSA DEL RIO,3.1192558892779365,40.205744802211896,-0.4230024041350407,"1,316"
12131,69,VILLAMALUR,1.8388490907372552,39.95892907585523,-0.406933783436153,69
12132,667,VILANOVA D'ALCOLEA,2.824125833916549,40.24066468505012,0.08956087591465466,667
12133,154,VILLANUEVA DE VIVER,2.187520720836463,40.05796978018214,-0.6386147418743127,154
12134,125,VILAR DE CANES,2.0969100130080562,40.35413942386102,-0.06315260975725331,125
12135,159203,VILA-REAL,5.201951247265783,39.93313118887065,-0.12876201268120652,"159,203"
12136,11216,"VILAVELLA, LA",4.049838000622583,39.863793696835174,-0.19235571505041335,"11,216"
12137,155,VILLORES,2.1903316981702914,40.67941781512217,-0.2093521569854842,155
12138,68119,VINAROS,4.833268263810973,40.51025332180906,0.43522822976947934,"68,119"
12139,354,VISTABELLA DEL MAESTRAZGO,2.5490032620257876,40.3064926662994,-0.2976128403000771,354
12140,2422,VIVER,3.3841741388070337,39.93223638248871,-0.6301169143581141,"2,422"
12141,242,ZORITA DEL MAESTRAZGO,2.383815365980431,40.741695100838115,-0.1648095892896879,242
12142,155,ZUCAINA,2.1903316981702914,40.13164335665443,-0.4471899510042136,155
12901,52771,ALQUERIAS DEL NIÑO PERDIDO,4.722395324049532,39.88951869259427,-0.12977682224634687,"52,771"
12902,7802,SANT JOAN DE MORO,3.8922059459757725,40.06879819644583,-0.1269743729909581,"7,802"
46001,7239,ADEMUZ,3.8596785766284483,40.06960185928956,-1.229052675261803,"7,239"
46002,3178,ADOR,3.5021538928713607,38.91002455995885,-0.226399409757893,"3,178"
46002,3178,ADOR,3.5021538928713607,38.95975948440129,-0.28251312435160814,"3,178"
46003,8372,ATZENETA D'ALBAIDA,3.922829219666649,38.83206746031703,-0.4868081953767474,"8,372"
46004,8964,AGULLENT,3.9525018478630236,38.834824751210746,-0.5580881874428123,"8,964"
46005,54027,ALAQUAS,4.732610852795199,39.45149901304225,-0.47076868582474585,"54,027"
46006,14909,ALBAIDA,4.173448514744314,38.8483399046986,-0.5245788196273007,"14,909"
46007,35637,ALBAL,4.551901137051595,39.392701311872855,-0.4174532411435267,"35,637"
46008,6027,ALBALAT DE LA RIBERA,3.7801011914679115,39.220216773374084,-0.37394583345663096,"6,027"
46009,6653,ALBALAT DELS SORELLS,3.8230175234460493,39.550011333409365,-0.35092927465107504,"6,653"
46010,2593,ALBALAT DELS TARONGERS,3.4138025167693513,39.676929441889854,-0.35751556883176194,"2,593"
46011,28810,ALBERIC,4.459543258280413,39.11833475629272,-0.5372028280151634,"28,810"
46012,5833,ALBORACHE,3.7658919764300154,39.37760491142501,-0.7554493129407822,"5,833"
46013,53632,ALBORAYA,4.729423992614164,39.500479796003845,-0.3371487778921062,"53,632"
46014,20344,ALBUIXECH,4.308436347167652,39.5430170908457,-0.31789459888683147,"20,344"
46015,34153,ALCASSER,4.533428858126523,39.38109768264588,-0.44717252250411427,"34,153"
46016,4146,ALCANTERA DE XUQUER,3.617629297757842,39.06575278858628,-0.5579102488307167,"4,146"
46017,276407,ALZIRA,5.441549037337755,39.13604034166941,-0.4027483942943336,"276,407"
46017,276407,ALZIRA,5.441549037337755,39.1396577835809,-0.5889285127023975,"276,407"
46018,988,ALCUBLAS,2.9947569445876283,39.803861440971566,-0.6787135561531302,988
46019,57986,"ALCUDIA, L'",4.763323151206512,39.169613511805494,-0.5118084910221329,"57,986"
46019,57986,"ALCUDIA, L'",4.763323151206512,39.194544717180115,-0.5248695149850944,"57,986"
46020,10754,"ALCUDIA DE CRESPINS, L'",4.031570032141101,38.971466699721766,-0.6047064058540866,"10,754"
46021,321011,ALDAIA,5.506519914515308,39.459875699265474,-0.48840024839300217,"321,011"
46022,46238,ALFAFAR,4.664999040642821,39.40291169628277,-0.36153101112245195,"46,238"
46023,1202,ALFAUIR,3.079904467666721,38.929971606814256,-0.24640809275394465,"1,202"
46024,1507,ALFARA DE LA BARONIA,3.1781132523146316,39.77124467956238,-0.34683564927824423,"1,507"
46025,5043,ALFARA DEL PATRIARCA,3.7026889681591335,39.5390092358561,-0.38102207083456496,"5,043"
46026,8248,ALFARP,3.91634865227546,39.28257191004736,-0.5231087541206473,"8,248"
46027,3641,ALFARRASI,3.561220678933944,38.90644044513644,-0.5024460151008886,"3,641"
46028,1887,ALGAR DE PALANCIA,3.2757719001649312,39.78575427825262,-0.363931768312778,"1,887"
46029,79104,ALGEMESI,4.898198444736685,39.21378183981573,-0.429209321137224,"79,104"
46030,3706,ALGIMIA DE ALFARA,3.5689054149828787,39.7447494475366,-0.3932249621594929,"3,706"
46031,28322,ALGINET,4.452123918449042,39.259925110051725,-0.4639039621072411,"28,322"
46032,8113,ALMASSERA,3.909181475977853,39.51413649257029,-0.3502691626644235,"8,113"
46033,183,ALMISERA,2.2624510897304293,38.92581956694847,-0.2868171784505277,183
46034,72129,ALMOINES,4.858109911151768,38.945250956466836,-0.17980628513027586,"72,129"
46035,249129,ALMUSSAFES,5.396424284770186,39.29701150298609,-0.41145645619972515,"249,129"
46036,548,ALPUENTE,2.738780558484369,39.90751420580454,-1.0273967059916842,548
46037,8174,ALQUERIA DE LA COMTESSA(L'),3.912434633375575,38.934099337371286,-0.15337137989143576,"8,174"
46038,394,ANDILLA,2.595496221825574,39.81250272940791,-0.8022974078586441,394
46039,4828,ANNA,3.6837672614253116,39.014899768964156,-0.6554556430972465,"4,828"
46040,1284,ANTELLA,3.1085650237328344,39.0969180495939,-0.6011702826381864,"1,284"
46041,544,ARAS DE LOS OLMOS,2.73559889969818,39.92887872030203,-1.1480602903016306,544
46042,19183,AIELO DE MALFERIT,4.282916526795146,38.884093317648016,-0.6068011818830252,"19,183"
46043,524,AIELO DE RUGAT,2.7193312869837265,38.87856459338183,-0.3425220942329592,524
46044,8897,AYORA,3.949243590568265,39.0188775797461,-1.0742819473122764,"8,897"
46045,3275,BARXETA,3.515211304327802,39.0129676866918,-0.4219948541544497,"3,275"
46046,2514,BARX,3.400365273349939,39.0113386138829,-0.31341910014087965,"2,514"
46047,3646,BELGIDA,3.5618166643189575,38.86415575349464,-0.46361960776579864,"3,646"
46048,8438,BELLREGUARD,3.9262395210458623,38.949259343185666,-0.1590328312502408,"8,438"
46048,8438,BELLREGUARD,3.9262395210458623,38.96274756563576,-0.13619714289128543,"8,438"
46049,281,BELLUS,2.44870631990508,38.94589276824767,-0.49790219067016,281
46050,1794,BENAGEBER,3.2538224387080734,39.722826219778696,-1.1245758002892496,"1,794"
46051,15433,BENAGUASIL,4.188450356186585,39.5939736380608,-0.6168644662711373,"15,433"
46052,1800,BENAVITES,3.255272505103306,39.73423023837451,-0.23675652371939576,"1,800"
46052,1800,BENAVITES,3.255272505103306,39.744001276240375,-0.26511456608405937,"1,800"
46053,6013,BENEIXIDA,3.7790912038454993,39.046184171822,-0.5453436484649626,"6,013"
46053,6013,BENEIXIDA,3.7790912038454993,39.071462043005795,-0.5488971590151881,"6,013"
46054,30961,BENETUSSER,4.4908149793838605,39.422227280823726,-0.3978627426951373,"30,961"
46055,9965,BENIARJO,3.9984773030365064,38.93439279950427,-0.19152851737986135,"9,965"
46056,219,BENIATJAR,2.3404441148401185,38.85133521546363,-0.4229684851835541,219
46057,1546,BENICOLET,3.189209489582306,38.919347484727936,-0.33112459010591694,"1,546"
46058,2128,BENIFAIRO DE LES VALLS,3.3279716236230104,39.72433624100678,-0.275727198829469,"2,128"
46059,39004,BENIFAIRO DE LA VALLDIGNA,4.591109147766183,39.062519431002286,-0.30201674473680634,"39,004"
46060,23966,BENIFAIO,4.3795955549810985,39.28480475628124,-0.4448419516877594,"23,966"
46061,6577,BENIFLA,3.8180278418592564,38.92679966588262,-0.19008099220141564,"6,577"
46062,9916,BENIGANIM,3.996336518095784,38.954692165954825,-0.44582408227683096,"9,916"
46063,14728,BENIMODO,4.168143775495959,39.146293818849585,-0.5366144989994297,"14,728"
46063,14728,BENIMODO,4.168143775495959,39.20433086020784,-0.55283221972433,"14,728"
46064,1762,BENIMUSLEM,3.246005904076029,39.13833762126072,-0.49413550789505184,"1,762"
46065,47206,BENIPARRELL,4.673997202051136,39.38292666848836,-0.41426123428547984,"47,206"
46066,2715,BENIRREDRA,3.433769833924866,38.961677633855125,-0.19544990055468972,"2,715"
46067,3407,BENISANO,3.5323721335678773,39.6156145693081,-0.5721448241506069,"3,407"
46068,1147,BENISSODA,3.0595634179012676,38.826358165959114,-0.5320557458874031,"1,147"
46069,78,BENISUERA,1.8920946026904804,38.908439831003186,-0.48141356182100803,78
46070,47871,BETERA,4.6800724997599055,39.59983198137623,-0.46307570030477535,"47,871"
46071,591,BICORP,2.7715874808812555,39.113220038093374,-0.8485469737795224,591
46072,10978,BOCAIRENT,4.040523226445596,38.74208602557325,-0.6088670740629035,"10,978"
46073,1445,BOLBAITE,3.1598678470925665,39.05024081534743,-0.7460215655538385,"1,445"
46074,7316,BONREPOS I MIRAMBELL,3.8642736968043794,39.51936686762845,-0.36733838724842943,"7,316"
46075,1012,BUFALI,3.0051805125037805,38.82312817386194,-0.4551489535309738,"1,012"
46075,1012,BUFALI,3.0051805125037805,38.87906762382766,-0.5174668538911557,"1,012"
46076,1984,BUGARRA,3.2975416678181597,39.61641230612413,-0.7710546308406009,"1,984"
46077,38018,BUÑOL,4.579989266348199,39.42910452388353,-0.8485083297189336,"38,018"
46078,62660,BURJASSOT,4.7969903905456865,39.50808842191053,-0.41107517267326477,"62,660"
46079,791,CALLES,2.8981764834976764,39.65151790130981,-1.0506932186032423,791
46079,791,CALLES,2.8981764834976764,39.67200852698015,-1.0569594429480984,791
46079,791,CALLES,2.8981764834976764,39.74076808612956,-0.950262166983185,791
46079,791,CALLES,2.8981764834976764,39.82074543946889,-0.9178990875891401,791
46080,3014,CAMPORROBLES,3.479143247978613,39.63658183541029,-1.378168017787707,"3,014"
46081,18967,CANALS,4.277998644200288,38.98874350320526,-0.5956188310556593,"18,967"
46081,18967,CANALS,4.277998644200288,38.99093587539023,-0.5822766070556169,"18,967"
46081,18967,CANALS,4.277998644200288,38.99358230507967,-0.5858286012012702,"18,967"
46081,18967,CANALS,4.277998644200288,38.94994669443691,-0.585932723446938,"18,967"
46081,18967,CANALS,4.277998644200288,38.989531496987745,-0.5867018967153289,"18,967"
46081,18967,CANALS,4.277998644200288,38.99054965533351,-0.5919574978728257,"18,967"
46082,27026,CANET D'EN BERENGUER,4.431781772429124,39.68069482400346,-0.21651884189527829,"27,026"
46083,76780,CARCAIXENT,4.885248107781386,39.0983904021822,-0.427595071485857,"76,780"
46084,8321,CARCER,3.9201755220100227,39.060002520491444,-0.5720746119068445,"8,321"
46085,65141,CARLET,4.813854421271353,39.23465455384652,-0.5361972675590209,"65,141"
46086,608,CARRICOLA,2.783903579272735,38.8434206851568,-0.47316564146506174,608
46087,292,CASAS ALTAS,2.4653828514484184,40.03320398683456,-1.249766211886168,292
46088,220,CASAS BAJAS,2.342422680822206,40.01441132399733,-1.2611258182813339,220
46089,3199,CASINOS,3.505014240084107,39.70345351128211,-0.7434264044997174,"3,199"
46090,10517,CASTELLO DE RUGAT,4.021891873919109,38.879736537070826,-0.38633949072601587,"10,517"
46091,225,CASTELLONET DE LA CONQUESTA,2.3521825181113627,38.90664761186585,-0.26410413652815135,225
46092,345,CASTIELFABIB,2.537819095073274,40.12853195649472,-1.335751077947297,345
46093,6885,CATADAU,3.8379039445929424,39.25536115515821,-0.608456371181298,"6,885"
46094,71728,CATARROJA,4.855688721521717,39.39637054131087,-0.39468363021822356,"71,728"
46095,3061,CAUDETE DE LAS FUENTES,3.4858633295973345,39.54548227557486,-1.2914342214271708,"3,061"
46096,262,CERDA,2.4183012913197452,38.97927849052671,-0.56154723551597,262
46096,262,CERDA,2.4183012913197452,38.98354581586165,-0.5965206795070569,262
46096,262,CERDA,2.4183012913197452,38.98525532348207,-0.5719060827429772,262
46096,262,CERDA,2.4183012913197452,38.99078372852471,-0.600183655344544,262
46096,262,CERDA,2.4183012913197452,38.99329160723568,-0.5903914515027192,262
46096,262,CERDA,2.4183012913197452,38.99010541457326,-0.5828081376236717,262
46096,262,CERDA,2.4183012913197452,38.99056769872335,-0.5873817371667017,262
46096,262,CERDA,2.4183012913197452,38.99264630329768,-0.5841086022566689,262
46096,262,CERDA,2.4183012913197452,38.98468507939597,-0.6144425566092934,262
46096,262,CERDA,2.4183012913197452,38.984806440526704,-0.58862602227944,262
46096,262,CERDA,2.4183012913197452,38.98606196711807,-0.586588103099799,262
46096,262,CERDA,2.4183012913197452,38.98715449633756,-0.5897737071300274,262
46096,262,CERDA,2.4183012913197452,38.98702380175591,-0.5928000389838674,262
46096,262,CERDA,2.4183012913197452,38.98749658503063,-0.5811702797849854,262
46096,262,CERDA,2.4183012913197452,38.988520934634344,-0.5875418935394132,262
46097,8501,COFRENTES,3.9294700161774894,39.254868680019534,-1.0806286545491648,"8,501"
46098,8028,CORBERA,3.904607363815448,39.15902522495512,-0.35253464682408014,"8,028"
46099,1975,CORTES DE PALLAS,3.295567099962479,39.24933937199843,-0.9386541268332514,"1,975"
46100,1091,COTES,3.037824750588342,39.058457615534174,-0.6008802835607612,"1,091"
46101,2793,QUART DE LES VALLS,3.446070935701005,39.74469229986864,-0.28884176523164334,"2,793"
46102,92487,QUART DE POBLET,4.966080692468375,39.47229161847303,-0.4956388012791623,"92,487"
46103,11453,QUARTELL,4.058919260718885,39.72250004171543,-0.22574466378162605,"11,453"
46103,11453,QUARTELL,4.058919260718885,39.74098721172566,-0.26472633644270627,"11,453"
46104,4376,QUATRETONDA,3.641077313325374,38.96926672518663,-0.3852390472234638,"4,376"
46105,76171,CULLERA,4.881789657203351,39.159905370117464,-0.23063569376155799,"76,171"
46105,76171,CULLERA,4.881789657203351,39.162891919277705,-0.2594166336318628,"76,171"
46106,1993,CHELVA,3.2995072987004876,39.740004307317996,-1.015953604703209,"1,993"
46106,1993,CHELVA,3.2995072987004876,39.83411954628262,-1.0608413210991852,"1,993"
46107,4866,CHELLA,3.6871721045948,39.03934039472815,-0.6995642021439621,"4,866"
46108,687,CHERA,2.8369567370595505,39.58440274842961,-0.9633889939404896,687
46109,64724,CHESTE,4.811065349213718,39.508568786434495,-0.6775517087670326,"64,724"
46110,40432,XIRIVELLA,4.60672522457584,39.4591623480285,-0.43023131916010215,"40,432"
46111,45459,CHIVA,4.657619877951674,39.48778312270743,-0.7421803197059452,"45,459"
46112,1221,CHULILLA,3.0867156639448825,39.65178899306262,-0.8589722985112009,"1,221"
46113,15757,DAIMUS,4.197473535014777,38.972010985536144,-0.1505341978255929,"15,757"
46114,6161,DOMEÑO,3.7896512087934098,39.65968308586055,-0.6711890325962875,"6,161"
46114,6161,DOMEÑO,3.7896512087934098,39.70281943337345,-0.9367481459517292,"6,161"
46115,428,DOS AGUAS,2.6314437690131722,39.28714675329701,-0.774329415323546,428
46116,40185,"ELIANA, L'",4.60406397266389,39.56265836065829,-0.5262192047745315,"40,185"
46117,806,EMPERADOR,2.906335041805091,39.55389084766904,-0.33869989021673835,806
46118,29691,ENGUERA,4.472624824984669,38.96397438139002,-0.8103157964058222,"29,691"
46119,2446,"ENOVA, L'",3.3884564527002667,39.042551495060714,-0.464937746048258,"2,446"
46120,3429,ESTIVELLA,3.535167485114944,39.71447997819362,-0.36879478098602336,"3,429"
46121,1560,ESTUBENY,3.1931245983544616,39.01719968903538,-0.6168780594008034,"1,560"
46122,5707,FAURA,3.7564078725489582,39.72786679852884,-0.25822769724316685,"5,707"
46123,4862,FAVARA,3.6868149545073168,39.118409750824576,-0.2995384853844074,"4,862"
46124,6146,FONTANARS DELS ALFORINS,3.7885925559203595,38.77984910800868,-0.7852547556327301,"6,146"
46125,1433,FORTALENY,3.1562461903973444,39.16281820132426,-0.3084673041150651,"1,433"
46125,1433,FORTALENY,3.1562461903973444,39.18191843686634,-0.3191670126366751,"1,433"
46126,10147,FOIOS,4.006337660374551,39.545190290762484,-0.36059329259673534,"10,147"
46127,3800,"FONT D'EN CARROS, LA",3.57978359661681,38.91463400055959,-0.16305662492508313,"3,800"
46128,3990,"FONT DE LA FIGUERA, LA",3.6009728956867484,38.82574231904338,-0.892734310514509,"3,990"
46129,1731,FUENTERROBLES,3.238297067875394,39.5782354442638,-1.3681146278544432,"1,731"
46130,3791,GAVARDA,3.5787537844264348,39.09316217408216,-0.5602107518864825,"3,791"
46131,316421,GANDIA,5.500265298724098,38.98418350430517,-0.21525958675326462,"316,421"
46132,3271,GENOVES,3.5146805441249818,38.96595028687766,-0.5324025438294497,"3,271"
46132,3271,GENOVES,3.5146805441249818,38.96679232952324,-0.5269351673667803,"3,271"
46132,3271,GENOVES,3.5146805441249818,38.970234989197415,-0.5231219262472422,"3,271"
46132,3271,GENOVES,3.5146805441249818,38.98613747128457,-0.4644068193177717,"3,271"
46132,3271,GENOVES,3.5146805441249818,38.98378845116005,-0.49555674237713615,"3,271"
46132,3271,GENOVES,3.5146805441249818,38.98529968056101,-0.5070710779843032,"3,271"
46132,3271,GENOVES,3.5146805441249818,38.97178910871966,-0.5050275531440143,"3,271"
46132,3271,GENOVES,3.5146805441249818,38.96955861062187,-0.5125473636155256,"3,271"
46132,3271,GENOVES,3.5146805441249818,38.97198639715288,-0.5136707531894096,"3,271"
46133,838,GESTALGAR,2.9232440186302764,39.58175870172098,-0.8424861894266217,838
46134,3001,GILET,3.477265995424853,39.67009187779709,-0.33662740078600695,"3,001"
46135,19649,GODELLA,4.293340452648696,39.535666455763604,-0.42677553019656894,"19,649"
46136,18945,GODELLETA,4.277494609611012,39.426110483268864,-0.6663453182977442,"18,945"
46137,1973,"GRANJA DE LA COSTERA, LA",3.295127085252191,38.97975473454282,-0.5583074859678505,"1,973"
46137,1973,"GRANJA DE LA COSTERA, LA",3.295127085252191,38.986338062653225,-0.5949876909676789,"1,973"
46137,1973,"GRANJA DE LA COSTERA, LA",3.295127085252191,38.9801813496952,-0.5684540079396943,"1,973"
46137,1973,"GRANJA DE LA COSTERA, LA",3.295127085252191,38.981050794387805,-0.563928847278982,"1,973"
46137,1973,"GRANJA DE LA COSTERA, LA",3.295127085252191,38.99448588953293,-0.5450431127012282,"1,973"
46137,1973,"GRANJA DE LA COSTERA, LA",3.295127085252191,39.006542484253295,-0.5499303429933676,"1,973"
46137,1973,"GRANJA DE LA COSTERA, LA",3.295127085252191,38.995566796629554,-0.5490525581883974,"1,973"
46137,1973,"GRANJA DE LA COSTERA, LA",3.295127085252191,38.99772767488686,-0.5516821186771473,"1,973"
46137,1973,"GRANJA DE LA COSTERA, LA",3.295127085252191,38.990954213651186,-0.554292865322152,"1,973"
46137,1973,"GRANJA DE LA COSTERA, LA",3.295127085252191,38.99327505562509,-0.5531248132026068,"1,973"
46137,1973,"GRANJA DE LA COSTERA, LA",3.295127085252191,38.99336712530248,-0.5506026116451286,"1,973"
46137,1973,"GRANJA DE LA COSTERA, LA",3.295127085252191,38.99486693117463,-0.5582593137192338,"1,973"
46138,1608,GUADASEQUIES,3.2062860444124324,38.92722470497519,-0.49400181042102653,"1,608"
46139,34895,GUADASSUAR,4.542763202661932,39.18198945869162,-0.530863174735171,"34,895"
46140,1592,GUARDAMAR DE LA SAFOR,3.20194306340165,38.963234265777785,-0.14621084620358515,"1,592"
46141,2292,HIGUERUELAS,3.3602146132953523,39.77230683500662,-0.8630469204559151,"2,292"
46142,2464,JALANCE,3.3916407034923877,39.196196881332135,-1.0987535203572767,"2,464"
46143,39490,XERACO,4.596487133736544,39.036781747559274,-0.22877062463849968,"39,490"
46144,1421,JARAFUEL,3.15259407792747,39.148881748434825,-1.1097636550033378,"1,421"
46145,77692,XATIVA,4.890376301494253,38.937764536511196,-0.514263806898658,"77,692"
46145,77692,XATIVA,4.890376301494253,38.973337719020954,-0.4931812146011566,"77,692"
46145,77692,XATIVA,4.890376301494253,38.98368621699229,-0.5588261223721299,"77,692"
46145,77692,XATIVA,4.890376301494253,38.98691716133715,-0.5905512001581699,"77,692"
46145,77692,XATIVA,4.890376301494253,38.99054642627898,-0.5821972317069541,"77,692"
46145,77692,XATIVA,4.890376301494253,38.98978978410557,-0.5935745560475015,"77,692"
46145,77692,XATIVA,4.890376301494253,38.983742810557374,-0.5878527148745182,"77,692"
46145,77692,XATIVA,4.890376301494253,38.992244587010255,-0.5927261566443847,"77,692"
46145,77692,XATIVA,4.890376301494253,38.99264982843542,-0.549941551630103,"77,692"
46145,77692,XATIVA,4.890376301494253,38.99138857374865,-0.5873126021264466,"77,692"
46145,77692,XATIVA,4.890376301494253,38.991020661404924,-0.5617325704271354,"77,692"
46145,77692,XATIVA,4.890376301494253,39.05407308109792,-0.4057483652564426,"77,692"
46145,77692,XATIVA,4.890376301494253,39.00771450455256,-0.4628316716652838,"77,692"
46145,77692,XATIVA,4.890376301494253,38.993223697005824,-0.5182895125253921,"77,692"
46145,77692,XATIVA,4.890376301494253,38.98795526015468,-0.6209361874625792,"77,692"
46145,77692,XATIVA,4.890376301494253,38.99707893891559,-0.56167690560596,"77,692"
46145,77692,XATIVA,4.890376301494253,38.99784416231615,-0.5861870219268488,"77,692"
46145,77692,XATIVA,4.890376301494253,39.000551389921235,-0.5512952432065213,"77,692"
46145,77692,XATIVA,4.890376301494253,39.00132642528433,-0.4711709795160857,"77,692"
46145,77692,XATIVA,4.890376301494253,39.002944474847986,-0.4714547576046056,"77,692"
46145,77692,XATIVA,4.890376301494253,39.00581574258212,-0.5513248597943836,"77,692"
46145,77692,XATIVA,4.890376301494253,39.0051847118363,-0.46608305080181606,"77,692"
46145,77692,XATIVA,4.890376301494253,39.01110961585371,-0.6005000298119376,"77,692"
46145,77692,XATIVA,4.890376301494253,39.008605402176606,-0.5558389551055399,"77,692"
46145,77692,XATIVA,4.890376301494253,39.03384493126434,-0.5583607481755872,"77,692"
46145,77692,XATIVA,4.890376301494253,39.052114670384405,-0.5488969042657234,"77,692"
46145,77692,XATIVA,4.890376301494253,39.007741751497775,-0.47242464726587396,"77,692"
46145,77692,XATIVA,4.890376301494253,38.99911973073184,-0.5887942789407068,"77,692"
46145,77692,XATIVA,4.890376301494253,38.99932832994788,-0.5781595471406125,"77,692"
46145,77692,XATIVA,4.890376301494253,39.00013309041949,-0.5775629085177205,"77,692"
46146,17035,XERESA,4.231342137903896,39.01318008099229,-0.22581518868987754,"17,035"
46147,75999,LLIRIA,4.880807877842119,39.689336208983896,-0.6582787729837084,"75,999"
46148,6129,LORIGUILLA,3.78738962135211,39.492148514842896,-0.5681043613220753,"6,129"
46148,6129,LORIGUILLA,3.78738962135211,39.6439315333414,-0.9819612184076698,"6,129"
46149,871,LOSA DEL OBISPO,2.9400181550076634,39.69850987273267,-0.8651055392805223,871
46150,4488,LLUTXENT,3.652052848248105,38.94577841750225,-0.3417278751272985,"4,488"
46151,1070,LLOCNOU D'EN FENOLLET,3.0293837776852097,38.99712238768676,-0.47340115680516165,"1,070"
46151,1070,LLOCNOU D'EN FENOLLET,3.0293837776852097,38.997972395083366,-0.4718149012836811,"1,070"
46151,1070,LLOCNOU D'EN FENOLLET,3.0293837776852097,39.00481579446138,-0.4701194891535413,"1,070"
46151,1070,LLOCNOU D'EN FENOLLET,3.0293837776852097,39.00985593081294,-0.47672518410965825,"1,070"
46151,1070,LLOCNOU D'EN FENOLLET,3.0293837776852097,39.00511651629745,-0.47415508264506656,"1,070"
46151,1070,LLOCNOU D'EN FENOLLET,3.0293837776852097,39.01086893148258,-0.4693953998300867,"1,070"
46151,1070,LLOCNOU D'EN FENOLLET,3.0293837776852097,39.001259568924375,-0.477817990811274,"1,070"
46151,1070,LLOCNOU D'EN FENOLLET,3.0293837776852097,39.000338019459704,-0.4706087310571009,"1,070"
46151,1070,LLOCNOU D'EN FENOLLET,3.0293837776852097,39.000595332201755,-0.47478798545358797,"1,070"
46151,1070,LLOCNOU D'EN FENOLLET,3.0293837776852097,39.00247821792977,-0.47181648315389424,"1,070"
46151,1070,LLOCNOU D'EN FENOLLET,3.0293837776852097,39.00277037531578,-0.476109473169301,"1,070"
46152,62,LLOCNOU DE LA CORONA,1.792391689498254,39.421182195711815,-0.3817425929718062,62
46153,672,LLOCNOU DE SANT JERONI,2.8273692730538253,38.90261294682825,-0.2898616289276849,672
46154,2991,LLANERA DE RANES,3.475816413031318,38.998360407590646,-0.5588088646418112,"2,991"
46154,2991,LLANERA DE RANES,3.475816413031318,38.99215922892588,-0.5823277108920498,"2,991"
46154,2991,LLANERA DE RANES,3.475816413031318,38.99217753470941,-0.5838505675995982,"2,991"
46154,2991,LLANERA DE RANES,3.475816413031318,38.987706902001044,-0.5994106175412325,"2,991"
46154,2991,LLANERA DE RANES,3.475816413031318,38.98917307651575,-0.5915369976060236,"2,991"
46154,2991,LLANERA DE RANES,3.475816413031318,38.98928017601685,-0.596385570760806,"2,991"
46154,2991,LLANERA DE RANES,3.475816413031318,38.99057986959952,-0.5947308778697233,"2,991"
46154,2991,LLANERA DE RANES,3.475816413031318,38.99119316894046,-0.5970744878688341,"2,991"
46154,2991,LLANERA DE RANES,3.475816413031318,38.992876953692985,-0.5893062302525129,"2,991"
46154,2991,LLANERA DE RANES,3.475816413031318,39.000241213722965,-0.5924956792616645,"2,991"
46155,1714,LLAURI,3.2340108175871793,39.13470926552715,-0.32449322130502695,"1,714"
46155,1714,LLAURI,3.2340108175871793,39.16633357016469,-0.3157134659611916,"1,714"
46156,6687,LLOMBAI,3.8252313231999002,39.29520346297327,-0.5923711331525826,"6,687"
46157,6968,LLOSA DE RANES (LA),3.8431081419996067,39.02788914457087,-0.5369695800684673,"6,968"
46157,6968,LLOSA DE RANES (LA),3.8431081419996067,39.03099755089821,-0.560353233224937,"6,968"
46157,6968,LLOSA DE RANES (LA),3.8431081419996067,39.036300155905685,-0.5535665677305188,"6,968"
46157,6968,LLOSA DE RANES (LA),3.8431081419996067,39.039751975996225,-0.5543245768933013,"6,968"
46158,802,MACASTRE,2.9041743682841634,39.34787065304333,-0.7959936735240696,802
46159,75968,MANISES,4.880630692938478,39.498071496777115,-0.49565279870911855,"75,968"
46160,6878,MANUEL,3.8374621714859947,39.054407706252526,-0.49210336867438376,"6,878"
46161,4681,MARINES,3.670338641127442,39.72385501520438,-0.549635204573967,"4,681"
46162,7056,MASALAVES,3.848558572123763,39.1538899951842,-0.5179490918380608,"7,056"
46163,16514,MASSALFASSAR,4.217852280259893,39.554690502141504,-0.31569865568370636,"16,514"
46164,23271,MASSAMAGRELL,4.366815046163848,39.57431885075072,-0.33187195085935156,"23,271"
46165,33848,MASSANASSA,4.529533012323238,39.39722090473118,-0.3725406259709678,"33,848"
46166,12927,MELIANA,4.11149774880803,39.524957261625204,-0.3350333106373391,"12,927"
46167,623,MILLARES,2.7944880466591697,39.21111330618731,-0.7930663110637858,623
46168,13166,MIRAMAR,4.11945385075606,38.954811255672276,-0.1355654409763158,"13,166"
46169,36073,MISLATA,4.557182261787929,39.47600570904154,-0.42146658143226906,"36,073"
46170,8734,MOGENTE/MOIXENT,3.9412131875853214,38.86444283963502,-0.7979918417089336,"8,734"
46171,46633,MONCADA,4.668693355440256,39.56289673132067,-0.39653814983447605,"46,633"
46172,12362,MONTSERRAT,4.092088739255806,39.36326589341692,-0.5842461067919635,"12,362"
46173,7224,MONTAVERNER,3.8587777373054495,38.88557497691097,-0.49081118764717147,"7,224"
46174,4080,MONTESA,3.61066016308988,38.94129810494668,-0.6413088688646486,"4,080"
46175,1649,MONTICHELVO,3.217220655644519,38.89264578613179,-0.33553561907068685,"1,649"
46176,2909,MONTROY,3.463743721247059,39.332650449747156,-0.6523437378745277,"2,909"
46177,49699,MUSEROS,4.6963476503258645,39.57439024698358,-0.3593229663357395,"49,699"
46178,29756,NAQUERA,4.473574550036345,39.63704446875401,-0.41378207851351995,"29,756"
46179,35456,NAVARRES,4.549689738712317,39.092459912081914,-0.7162262835117882,"35,456"
46180,2619,NOVELE/NOVETLE,3.418135498425232,38.97833806903532,-0.5506412428606038,"2,619"
46180,2619,NOVELE/NOVETLE,3.418135498425232,38.98791840413087,-0.5473758765538967,"2,619"
46180,2619,NOVELE/NOVETLE,3.418135498425232,38.988981528329965,-0.5453918016283011,"2,619"
46181,82158,OLIVA,4.914649858540343,38.89673614461822,-0.10417502544772418,"82,158"
46182,9832,OLOCAU,3.9926418698783976,39.68821998756187,-0.5274697176949832,"9,832"
46183,20838,"OLLERIA, L'",4.318856033694406,38.914595290287764,-0.5449663277422774,"20,838"
46184,95489,ONTINYENT,4.979953345254416,38.81269507353444,-0.6552014323983862,"95,489"
46185,777,OTOS,2.890421018800914,38.857388165747395,-0.44291651239193797,777
46185,777,OTOS,2.890421018800914,38.901440993534386,-0.4616640882070572,777
46186,43792,PAIPORTA,4.641394780066048,39.42587773760735,-0.4123160041563534,"43,792"
46187,15105,PALMA DE GANDIA,4.179120729609299,38.94559994964783,-0.23774878227075835,"15,105"
46188,2049,PALMERA,3.311541958401195,38.94257284252033,-0.15171871489504346,"2,049"
46189,1766,PALOMAR (EL),3.24699069924155,38.825410624903036,-0.4677098659479932,"1,766"
46189,1766,PALOMAR (EL),3.24699069924155,38.86731391405146,-0.502472303636866,"1,766"
46190,326088,PATERNA,5.513334817114226,39.52403431224068,-0.46760003255764676,"326,088"
46191,4258,PEDRALBA,3.629205657102304,39.59652081280216,-0.7273436264693847,"4,258"
46192,977,PETRES,2.989894563718773,39.68390788048128,-0.3113520826076066,977
46193,30433,PICANYA,4.483344766003461,39.433902691510504,-0.43621815821062304,"30,433"
46194,63330,PICASSENT,4.801609488027319,39.34745366137372,-0.48608965524305514,"63,330"
46195,10460,PILES,4.019531684531255,38.944386349583134,-0.1278538327440545,"10,460"
46196,841,PINET,2.924795995797912,38.984185938754365,-0.32690569797814245,841
46197,2999,POLINYA DE XUQUER,3.476976465759527,39.19067615466643,-0.3723113864204228,"2,999"
46198,4984,POTRIES,3.697578033651113,38.91474229288507,-0.190294682674996,"4,984"
46199,19651,"POBLA DE FARNALS, LA",4.293384655649437,39.57262705789891,-0.3099727652473313,"19,651"
46200,15831,"POBLA DEL DUC, LA",4.199508348896786,38.90523174641778,-0.423733879951916,"15,831"
46201,531,PUEBLA DE SAN MIGUEL,2.725094521081469,40.055774573422504,-1.1322316518361724,531
46202,56699,"POBLA DE VALLBONA, LA",4.75357539931069,39.602207721606256,-0.5424396053245264,"56,699"
46203,13436,"POBLA LLARGA, LA",4.128269995169627,39.075947137064375,-0.49847981610623004,"13,436"
46203,13436,"POBLA LLARGA, LA",4.128269995169627,39.081782947177004,-0.47158522570202754,"13,436"
46204,62849,PUIG,4.798298371951381,39.598972310147744,-0.32051374528263354,"62,849"
46205,60443,PUÇOL,4.781346011774066,39.61808041544007,-0.3061513415265854,"60,443"
46206,1473,QUESA,3.168202746842631,39.104430243022776,-0.7784388454134343,"1,473"
46207,36183,RAFELBUÑOL/RAFELBUNYOL,4.558504572181948,39.595185039483674,-0.3479849679128145,"36,183"
46208,4719,RAFELCOFER,3.6738499773429494,38.93400988849721,-0.16931488933599545,"4,719"
46209,2875,RAFELGUARAF,3.4586378490256493,39.04992495909387,-0.43870780864320474,"2,875"
46210,840,RAFOL DE SALEM,2.9242792860618816,38.86465691108621,-0.4087756522963859,840
46211,18084,REAL DE GANDIA,4.257294498362256,38.94785893764204,-0.20314483465512936,"18,084"
46212,2146,REAL,3.3316297176299323,39.31351178299537,-0.6225147662034433,"2,146"
46213,78588,REQUENA,4.8953562364764265,39.43678270211671,-1.1360405140345644,"78,588"
46214,177314,RIBA-ROJA DE TURIA,5.24874302709956,39.52038627694205,-0.560394401879756,"177,314"
46215,1923,RIOLA,3.28397928423848,39.18972420081376,-0.3374250619183293,"1,923"
46216,10585,ROCAFORT,4.024690862355431,39.535415209215834,-0.41281836623137175,"10,585"
46217,3415,ROTGLA I CORBERA,3.5333907080175515,39.015961698695754,-0.5445031161056438,"3,415"
46217,3415,ROTGLA I CORBERA,3.5333907080175515,38.99569725057349,-0.5518996831424099,"3,415"
46217,3415,ROTGLA I CORBERA,3.5333907080175515,39.00328331551238,-0.5467808179177555,"3,415"
46217,3415,ROTGLA I CORBERA,3.5333907080175515,39.00560113288556,-0.5434418510453554,"3,415"
46217,3415,ROTGLA I CORBERA,3.5333907080175515,39.006833828593805,-0.5473662723137871,"3,415"
46217,3415,ROTGLA I CORBERA,3.5333907080175515,39.01157897527981,-0.5636909645274846,"3,415"
46218,2741,ROTOVA,3.4379090355394983,38.93942997890591,-0.2691428407264573,"2,741"
46218,2741,ROTOVA,3.4379090355394983,38.93953905079406,-0.23548496385957726,"2,741"
46219,1620,RUGAT,3.2095150145426308,38.88086076480788,-0.3611558677013931,"1,620"
46219,1620,RUGAT,3.2095150145426308,38.895314779543234,-0.3714813721362539,"1,620"
46220,223315,SAGUNTO/SAGUNT,5.348917895478236,39.69054332617696,-0.2788121871844382,"223,315"
46221,6837,SALEM,3.834865579900038,38.84912020232336,-0.3822612095857573,"6,837"
46222,1844,SANT JOANET,3.2657609167176105,39.07185222561148,-0.48901250205309504,"1,844"
46223,24408,SEDAVI,4.387532194634351,39.423904980786055,-0.37596102287395666,"24,408"
46224,172,SEGART,2.2355284469075487,39.678259037738066,-0.38187732584808143,172
46225,446,SELLENT,2.649334858712142,39.03342524827309,-0.5922478470946676,446
46226,17,SEMPERE,1.2304489213782739,38.9184893145408,-0.4715245175137574,17
46227,1812,SENYERA,3.2581581933407944,39.06465624056633,-0.5062947898646298,"1,812"
46228,3331,SERRA,3.522574632691177,39.6846247173565,-0.45536898375788887,"3,331"
46229,1593,SIETE AGUAS,3.2022157758011316,39.484443092483104,-0.9246278708529054,"1,593"
46230,64573,SILLA,4.810050963782018,39.35655159003402,-0.4026221322361647,"64,573"
46231,7029,SIMAT DE LA VALLDIGNA,3.846893543316625,39.04186263557623,-0.3399489548110726,"7,029"
46232,4195,SINARCAS,3.622731965164719,39.74576137657394,-1.2102474194850783,"4,195"
46233,50355,SOLLANA,4.7020426003036935,39.28133974469142,-0.3771023350011394,"50,355"
46234,1047,SOT DE CHERA,3.0199466816788423,39.610065699241986,-0.9137383320323826,"1,047"
46235,60384,SUECA,4.780921878484837,39.240057478037436,-0.3083406478778429,"60,384"
46236,782,SUMACARCER,2.893206753059848,39.08625856687166,-0.6330375136421872,782
46237,6169,TAVERNES BLANQUES,3.7902147702439795,39.507380398290245,-0.3642401464529297,"6,169"
46238,33728,TAVERNES DE LA VALLDIGNA,4.527990589196434,39.080343397774506,-0.25471766300964754,"33,728"
46239,881,TERESA DE COFRENTES,2.9449759084120477,39.111655749448836,-0.9823867536549227,881
46240,595,TERRATEIG,2.7745169657285498,38.898097772598575,-0.3132680698937237,595
46241,1155,TITAGUAS,3.062581984228163,39.870731479153086,-1.1119462059803789,"1,155"
46242,448,TORREBAJA,2.651278013998144,40.099204969459215,-1.260471005749235,448
46242,448,TORREBAJA,2.651278013998144,40.11895628173821,-1.2554506087511648,448
46243,169,TORRELLA,2.2278867046136734,38.979842029256616,-0.5668409563084263,169
46243,169,TORRELLA,2.2278867046136734,38.9821711666796,-0.5568330166139139,169
46243,169,TORRELLA,2.2278867046136734,38.98706026720223,-0.5951105491406726,169
46243,169,TORRELLA,2.2278867046136734,38.990536704408406,-0.5984356512141763,169
46243,169,TORRELLA,2.2278867046136734,38.99233583141472,-0.6059773484000655,169
46243,169,TORRELLA,2.2278867046136734,38.986189228047884,-0.560888526608218,169
46243,169,TORRELLA,2.2278867046136734,38.987303817518004,-0.5710776961223479,169
46243,169,TORRELLA,2.2278867046136734,38.98693634632013,-0.5878657690424889,169
46243,169,TORRELLA,2.2278867046136734,38.99189624726451,-0.5618732635156797,169
46243,169,TORRELLA,2.2278867046136734,38.98979162768077,-0.588817692869331,169
46244,128651,TORRENT,5.109413166316237,39.417635287137074,-0.5223465440708173,"128,651"
46245,765,TORRES TORRES,2.8836614351536176,39.73171629158343,-0.38333711862553155,765
46246,2390,TOUS,3.3783979009481375,39.18793779893351,-0.6613568831730635,"2,390"
46247,2240,TUEJAR,3.3502480183341627,39.80434918053476,-1.1133997036642496,"2,240"
46248,15531,TURIS,4.191199419701518,39.373611938802384,-0.6867782970692754,"15,531"
46249,35016,UTIEL,4.544266533605057,39.61699905690482,-1.2227340945117195,"35,016"
46250,3706741,VALENCIA,6.568992241761843,39.52481802266306,-0.3594561424136259,"3,706,741"
46250,3706741,VALENCIA,6.568992241761843,39.41646752066128,-0.3594668061361606,"3,706,741"
46250,3706741,VALENCIA,6.568992241761843,39.54399368150803,-0.3362358322746607,"3,706,741"
46250,3706741,VALENCIA,6.568992241761843,39.558161274522504,-0.30389518959793643,"3,706,741"
46251,4563,VALLADA,3.659250468772661,38.89980912108835,-0.6887338844131443,"4,563"
46252,291,VALLANCA,2.4638929889859074,40.054465306290226,-1.3549341081367932,291
46253,676,VALLES,2.829946695941636,38.980529491824015,-0.5592408665031048,676
46253,676,VALLES,2.829946695941636,38.983262419307856,-0.5854268336495625,676
46253,676,VALLES,2.829946695941636,38.985148852172586,-0.5496956451466211,676
46253,676,VALLES,2.829946695941636,38.98962702158092,-0.596059871561272,676
46253,676,VALLES,2.829946695941636,38.99178048978135,-0.5938077341100049,676
46253,676,VALLES,2.829946695941636,38.98855018196051,-0.5536910011860066,676
46253,676,VALLES,2.829946695941636,38.99221980309371,-0.5630815992745695,676
46253,676,VALLES,2.829946695941636,38.99567836079888,-0.5491374954744255,676
46254,5098,VENTA DEL MORO,3.7073998311332486,39.45532680121664,-1.3915585226717142,"5,098"
46255,14024,VILLALONGA,4.146871903085739,38.881100587577805,-0.22701854771025476,"14,024"
46256,16219,VILAMARXANT,4.210024073804233,39.56020758268829,-0.6555009700693851,"16,219"
46257,35635,VILLANUEVA DE CASTELLON,4.551876763132973,39.07337670986493,-0.5202922235347969,"35,635"
46258,4818,VILLAR DEL ARZOBISPO,3.6828667956623247,39.707421582468804,-0.8169741653545389,"4,818"
46259,3653,VILLARGORDO DEL CABRIEL,3.5626496722119168,39.53189872138308,-1.451490365301082,"3,653"
46260,4580,VINALESA,3.660865478003869,39.53427223828019,-0.36897873707830553,"4,580"
46261,1918,YATOVA,3.282848602834645,39.36111664191396,-0.8917361391468183,"1,918"
46262,218,"YESA, LA",2.3384564936046046,39.902149970633296,-0.9445872577905593,218
46263,466,ZARRA,2.66838591669,39.10010458187584,-1.1177187216160696,466
46902,2035,GATOVA,3.3085644135612386,39.7616819886828,-0.5302126697673569,"2,035"
46903,21132,SAN ANTONIO DE BENAGEBER,4.324940602014902,39.562210521184895,-0.49598710417382214,"21,132"
46904,772,BENICULL DE XÚQUER,2.887617300335736,39.18507075937292,-0.3875301966553098,772
